text,label
"Abstract: We propose the Transformer, a model architecture eschewing recurrence and relying entirely on an attention mechanism to draw global dependencies between input and output. The Transformer allows for significantly more parallelization and can reach a new state of the art in translation quality after being trained for as little as twelve hours. Experiments on two machine translation tasks show these models to be superior in quality while being more parallelizable.",Research Paper
"In this work, we present an empirical investigation into deep convolutional neural networks for large-scale image recognition. Our primary contribution is a thorough evaluation of networks of increasing depth using an architecture with very small (3x3) convolution filters, which shows that a significant improvement on the prior-art configurations can be achieved by pushing the depth to 16–19 weight layers.",Research Paper
"We investigate unsupervised representation learning with deep contrastive methods. Our framework simplifies recently proposed contrastive self-supervised learning algorithms without requiring specialized architectures nor a memory bank. We introduce a stochastic data augmentation module and a learnable non-linear transformation between the representation and the contrastive loss function.",Research Paper
"This paper introduces a novel optimization algorithm for training stochastic gradient descent with adaptive momentum and learning rate scheduling. We demonstrate through extensive benchmarking on ImageNet and GLUE datasets that our technique accelerates convergence while avoiding catastrophic forgetting in transfer learning tasks.",Research Paper
"A systematic review and meta-analysis of clinical trial outcomes for mRNA-based vaccine candidates. We analyzed randomized controlled trials published between 2020 and 2024 evaluating immunogenicity, efficacy, and adverse reaction rates across diverse demographic cohorts.",Research Paper
"Quantum annealing versus gate-based quantum computation for combinatorial optimization problems. We benchmark simulated quantum annealing against classical heuristic baselines across max-cut and traveling salesperson graph instances, documenting phase transitions and scaling limits.",Research Paper
"Microservices Architecture Specification: All inter-service communication across the payment processing pipeline must occur over gRPC with mutual TLS authentication. Services must expose Prometheus metrics on endpoint /metrics and implement distributed tracing headers conforming to the W3C TraceContext standard.",Technical
"API Gateway Configuration Guide: The reverse proxy routes incoming HTTP requests to downstream containerized services in the Kubernetes cluster. Rate limiting is configured per API token with Redis token bucket algorithms, rejecting requests exceeding 100 requests per minute with HTTP 429.",Technical
"Database Migration and High Availability Runbook: PostgreSQL cluster failover is automated using Patroni and Consul. In the event of primary database node degradation, replicas initiate leader election within 5000 milliseconds to minimize write downtime.",Technical
"Frontend Deployment Pipeline Specification: The CI/CD pipeline builds static Vite bundles, validates unit tests via Vitest, and uploads immutable static assets to the Cloudflare CDN edge cache with aggressive HTTP cache-control headers.",Technical
"Event-Driven Message Queue Infrastructure: Apache Kafka topics are configured with three replicas and min.insync.replicas=2. Consumers must implement idempotency keys to ensure exactly-once processing semantics during consumer group rebalances.",Technical
"OAuth2 and OpenID Connect Implementation Guide: The authentication server issues JWT access tokens with a 15-minute expiration time and rotating refresh tokens stored in HTTP-only secure cookies with SameSite strict flags.",Technical
"Q3 Business Strategy and Enterprise Growth Plan: Our commercial objective for the fiscal quarter is expanding net revenue retention from 110% to 125% within our mid-market software tier. The sales enablement team will prioritize account-based marketing campaigns across enterprise accounts.",Business
"Executive Operational Review: The company achieved 22% quarter-over-quarter expansion in active customer accounts. Key operational initiatives include streamlining onboarding workflows to decrease customer time-to-value from 18 days to 7 days.",Business
"Competitive Market Analysis: The enterprise SaaS landscape is undergoing consolidation. Competitors are heavily investing in workflow automation. Our unique selling proposition centers around integrated governance, white-glove onboarding, and competitive tiered pricing.",Business
"Annual Strategic Corporate Objectives: Drive organizational efficiency across departmental silos by adopting centralized resource planning software. The target operational margin improvement is 4.5% year-over-year while sustaining employee retention above 90%.",Business
"Customer Success and Retention Framework: Implementation of automated health scoring metrics based on product usage, weekly login frequency, and support ticket sentiment to reduce churn across high-value client tiers.",Business
"Brand Positioning and Partnership Roadmap: Joint go-to-market collaboration with strategic cloud distribution vendors to penetrate EMEA and APAC markets, leveraging regional co-marketing budgets and certified reseller networks.",Business
"Master Services Agreement and Mutual Non-Disclosure Agreement: Neither party shall disclose or utilize proprietary confidential information of the other party for any purpose outside the scope of this Agreement without prior written consent.",Legal
"Terms of Service and Limitation of Liability: In no event shall either party or its affiliates be liable for any indirect, incidental, special, consequential, or punitive damages, including loss of profits, data, or goodwill, arising out of this contract.",Legal
"Intellectual Property Assignment Clause: All inventions, patentable discoveries, works of authorship, and software source code conceived or developed by Contractor during the term of engagement shall remain the sole and exclusive property of the Client.",Legal
"Employment Agreement Governing Law and Dispute Resolution: This contract shall be governed by and construed in accordance with the laws of the State of Delaware, without regard to conflict of law principles. Any dispute shall be resolved through binding arbitration.",Legal
"Commercial Lease Agreement: Tenant agrees to pay Landlord the stipulated base monthly rent on the first day of each calendar month. The premises shall be utilized solely for general office purposes and compliant with all municipal zoning ordinances.",Legal
"Indemnification and Warranty Disclaimer: Licensor represents that the software does not knowingly infringe upon third-party patents. Except as expressly provided, software is delivered as-is without warranties of merchantability or fitness for a particular purpose.",Legal
"Course Syllabus and Academic Curriculum: Advanced Machine Learning CS-482. Prerequisites include Linear Algebra, Probability and Multivariable Calculus. Grading policy: 30% homework assignments, 30% midterm examination, 40% final research project.",Academic
"Undergraduate Thesis Guidelines and Formatting Handbook: Degree candidates must submit a formal research proposal approved by their faculty advisor. The thesis must adhere to Chicago Manual of Style guidelines and include a comprehensive bibliography.",Academic
"Departmental Lecture Schedule and Reading Assignments: Week 4 focuses on Post-Colonial Literature and Diaspora Studies. Required readings include chapters 3 through 6. Seminar participation and bi-weekly reaction essays comprise 25% of the final semester grade.",Academic
"University Examination Regulations and Honor Code: Academic integrity is strictly enforced. Plagiarism, unauthorized collaboration on take-home exams, or using unapproved references will result in immediate referral to the Academic Judiciary Board.",Academic
"Faculty Committee Governance and Tenure Review Procedures: Candidates for associate professorship are evaluated across three criteria: peer-reviewed scholarly publication record, pedagogical excellence, and university administrative service.",Academic
"Graduate Seminar in Cognitive Neuroscience: Students will present weekly critiques of experimental literature regarding working memory consolidation and prefrontal cortex plasticity. Final presentations are scheduled during examination week.",Academic
"Quarterly Financial Statement and Earnings Report: Consolidated net revenue reached $48.2 million for the second quarter, representing a 14% year-over-year growth. Operating income stood at $12.4 million with an adjusted EBITDA margin of 26.8%.",Financial
"Annual Audit and Balance Sheet Summary: Current assets include $18.5 million in cash and cash equivalents, compared to current liabilities of $7.2 million. Working capital ratio is 2.57, indicating strong liquidity and fiscal stability.",Financial
"Investment Portfolio and Capital Allocation Analysis: We recommend rebalancing the fixed income allocation into short-duration treasury bonds while maintaining an equity exposure focused on defensive healthcare and dividend-yielding utility equities.",Financial
"Cash Flow Statement and Capital Expenditure Projection: Free cash flow generated from operational activities amounted to $9.8 million. Capital expenditures for data center expansion totaled $3.1 million, in line with annual budget expectations.",Financial
"Credit Facility and Debt Restructuring Agreement: The corporation has secured an expanded $25 million revolving credit line at SOFR plus 175 basis points to support strategic working capital and debt refinancing.",Financial
"Tax Provision and Equity Valuation Memorandum: Analysis of deferred tax assets and liabilities under International Financial Reporting Standards (IFRS), including effective corporate tax rate reconciliation and discounted cash flow valuation.",Financial
"Weekly Team Meeting Agenda and Personal Notes: Discuss project milestones, review upcoming holiday schedule, and finalize lunch orders for the Friday retrospective. Don't forget to submit weekly timesheets by 5 PM.",General
"Household Moving Checklist and Supplies List: Pick up cardboard moving boxes, bubble wrap, packing tape, and labels. Call the utility company to transfer electricity and water service effective next Tuesday.",General
"Travel Itinerary and Vacation Packing List: Flight departs at 8:45 AM from terminal 2. Remember to bring passport, chargers, sunglasses, and reservation printout for the hotel check-in at 3 PM.",General
"Community Volunteer Event Announcement: Welcome to the annual neighborhood park cleanup! Refreshments and gloves will be provided near the pavilion starting at 9 AM Saturday morning. All residents are welcome to join.",General
"Personal Recipe and Grocery Shopping Notes: Need olive oil, garlic, fresh basil, crushed tomatoes, and penne pasta. Simmer sauce for 45 minutes on low heat before serving with grated parmesan.",General
"Office Reminders and Workspace Guidelines: Please keep common kitchen areas tidy, label personal food containers in the refrigerator, and reserve conference rooms using the shared calendar.",General
